name,email,team,start_date
Alice Demo,alice@example.com,Marketing,2026-07-01
Bruno Demo,bruno@example.com,Product,2022-05-01
Chloe Demo,chloe@example.com,Business,2022-08-01
David Demo,david@example.com,Finance,2025-08-01
Emma Demo,emma@example.com,HR,2025-04-01
Farid Demo,farid@example.com,Tech,2026-05-01
Gina Demo,gina@example.com,Operations,2025-01-01
Hugo Demo,hugo@example.com,Marketing,2025-07-01
Ines Demo,ines@example.com,Product,2022-12-01
Jules Demo,jules@example.com,Business,2025-05-01
Karim Demo,karim@example.com,Finance,2026-07-01
Lea Demo,lea@example.com,HR,2022-06-01
Marc Demo,marc@example.com,Tech,2022-01-01
Nina Demo,nina@example.com,Operations,2022-11-01
Omar Demo,omar@example.com,Marketing,2022-07-01
Paula Demo,paula@example.com,Product,2026-07-01
Quentin Demo,quentin@example.com,Business,2025-12-01
Rita Demo,rita@example.com,Finance,2022-09-01
Sami Demo,sami@example.com,HR,2023-08-01
Tina Demo,tina@example.com,Tech,2025-09-01
Uma Demo,uma@example.com,Operations,2026-07-01
Victor Demo,victor@example.com,Marketing,2024-04-01
Wendy Demo,wendy@example.com,Product,2023-08-01
Xavier Demo,xavier@example.com,Business,2024-01-01
Yara Demo,yara@example.com,Finance,2025-09-01
