month,group_id,name
2026-08,G1,Karim Demo
2026-08,G1,Nina Demo
2026-08,G1,Sami Demo
2026-08,G1,Chloe Demo
2026-08,G1,Wendy Demo
2026-08,G2,Uma Demo
2026-08,G2,Ines Demo
2026-08,G2,David Demo
2026-08,G2,Emma Demo
2026-08,G2,Victor Demo
2026-08,G3,Rita Demo
2026-08,G3,Gina Demo
2026-08,G3,Farid Demo
2026-08,G3,Omar Demo
2026-08,G3,Xavier Demo
2026-08,G4,Lea Demo
2026-08,G4,Hugo Demo
2026-08,G4,Jules Demo
2026-08,G4,Tina Demo
2026-08,G4,Paula Demo
2026-08,G5,Alice Demo
2026-08,G5,Marc Demo
2026-08,G5,Bruno Demo
2026-08,G5,Yara Demo
2026-08,G5,Quentin Demo
2026-09,G1,Ines Demo
2026-09,G1,Karim Demo
2026-09,G1,Jules Demo
2026-09,G1,Gina Demo
2026-09,G1,Marc Demo
2026-09,G2,Farid Demo
2026-09,G2,Quentin Demo
2026-09,G2,David Demo
2026-09,G2,Sami Demo
2026-09,G2,Hugo Demo
2026-09,G3,Nina Demo
2026-09,G3,Victor Demo
2026-09,G3,Xavier Demo
2026-09,G3,Yara Demo
2026-09,G3,Paula Demo
2026-09,G4,Emma Demo
2026-09,G4,Wendy Demo
2026-09,G4,Alice Demo
2026-09,G4,Tina Demo
2026-09,G4,Rita Demo
2026-09,G5,Omar Demo
2026-09,G5,Lea Demo
2026-09,G5,Uma Demo
2026-09,G5,Chloe Demo
2026-09,G5,Bruno Demo
